{"18_LGVAN": {"valid_runtime": [1501.6544189453125, 50.31180953979492, 65.8298568725586, 59.263614654541016, 78.61958312988281, 74.3232650756836, 49.71625518798828, 65.91145324707031, 59.30771255493164, 83.02617645263672, 55.09958267211914, 69.4846420288086, 71.29532623291016, 74.4384994506836, 74.87484741210938, 68.22025299072266, 75.90550231933594, 65.9453125, 62.884193420410156, 52.276161193847656, 50.005470275878906, 79.09503936767578, 48.09113693237305, 69.54118347167969, 61.84675216674805, 62.58611297607422, 66.89574432373047, 68.09379577636719, 50.260257720947266, 39.685279846191406, 55.04304122924805, 61.73420715332031, 78.18399810791016, 75.23881530761719, 66.35155487060547, 73.84051513671875, 54.367008209228516, 67.1869125366211, 69.28125, 56.94761657714844, 57.86627197265625, 66.94806671142578, 63.220863342285156, 53.13488006591797, 78.46272277832031, 73.94691467285156, 61.22438430786133, 72.36390686035156, 62.05420684814453, 56.86703872680664, 55.112640380859375, 63.18812942504883, 51.07049560546875, 66.11849975585938, 100.82598114013672, 67.19638061523438, 61.70390319824219, 63.88243103027344, 69.49295806884766, 53.94348907470703, 78.74739074707031, 66.84912109375, 83.62016296386719, 57.77695846557617, 68.01500701904297, 79.63267517089844, 80.00569915771484, 66.0887680053711, 62.88639831542969, 86.77091217041016, 56.01299285888672, 68.387939453125, 51.20832061767578, 75.55257415771484, 60.15372848510742, 78.55923461914062, 66.06156921386719, 68.23363494873047, 93.12230682373047, 67.48201751708984, 53.542816162109375, 66.09859466552734, 69.61840057373047, 67.01827239990234, 71.11222076416016, 69.79740905761719, 76.6605453491211, 68.85887908935547, 69.1727066040039, 75.62960052490234, 85.9493408203125, 47.76310348510742, 50.655521392822266, 50.204254150390625, 64.2350082397461, 74.0959701538086, 57.966270446777344, 75.99075317382812, 53.555809020996094, 45.06275177001953], "valid_psnr": [29.61870678316361, 35.28825118044246, 40.79171967241004, 27.52068413918836, 28.601686480667166, 28.58053706287551, 20.251881052100345, 26.840882481231244, 32.33288559977062, 26.81361792805354, 29.14671879224038, 27.98704862744184, 31.448278739013542, 28.31852576544435, 34.16747076764648, 31.71287723550371, 32.302062835622664, 29.011938661444265, 28.12999780249196, 25.07877200213594, 32.2091925859893, 30.69170953229583, 26.067341736567712, 28.45162450848685, 27.38225093446781, 24.289049433680013, 33.476770167530375, 21.140916286055727, 26.625596046231983, 24.4928334508689, 30.286634711374695, 30.84888491722591, 34.17206632030655, 25.47216150589019, 22.912653712501733, 25.868556365520227, 26.30895463702131, 37.800839771763215, 29.11296263220262, 28.46530040003213, 28.21607140619811, 29.974296252878716, 41.273638365209536, 44.46045237247384, 24.16566284627777, 25.40622636356818, 27.80900578581598, 27.308953885128787, 22.472732120176474, 29.13727763971231, 28.541089111220952, 30.118712767885427, 34.314120038402876, 24.97195839616048, 29.462251892159543, 24.40428007363071, 34.958665527726936, 28.619771260950515, 25.46053671145745, 20.647342205923636, 23.112258646341736, 33.196942268388455, 33.281173419177044, 29.972558271578684, 27.316779055828082, 25.15333576217121, 28.55161146570099, 32.89735595485035, 23.818962431049407, 28.703243263237624, 32.19686052166277, 24.10218381069225, 24.09583945516667, 30.20529441416381, 24.4311696728465, 22.1977364096618, 40.431335938324075, 32.269140861647784, 27.366143782108445, 32.18994144238454, 25.943646161548767, 34.295379392615445, 26.509583530064972, 25.958108938709145, 22.985323337727767, 36.54706088399402, 25.31514831749864, 30.66048904175981, 31.038760743420678, 25.303808973012572, 26.92587026842011, 29.95622892875355, 33.342005900169305, 31.880356486126754, 20.43736477306618, 39.27582834251177, 22.185531558169956, 34.58275967476937, 31.262387611990565, 28.047780148767067], "valid_memory": 1114.7724609375, "valid_ave_runtime": 80.19443962097168, "valid_ave_psnr": 28.996871781479403, "activations": 332.392832, "num_conv": 122, "flops": 9.057572992, "num_parameters": 0.118243}, "00_RFDN_baseline": {"valid_runtime": [1582.317626953125, 23.235584259033203, 25.95961570739746, 20.96886444091797, 33.77772903442383, 22.830751419067383, 19.799264907836914, 22.831327438354492, 22.78041648864746, 25.673215866088867, 22.87366485595703, 25.459423065185547, 25.03059196472168, 23.170528411865234, 22.840192794799805, 23.694047927856445, 25.544384002685547, 25.4849910736084, 23.113727569580078, 23.011295318603516, 22.842144012451172, 27.67750358581543, 22.51702308654785, 22.79395294189453, 23.470016479492188, 25.539487838745117, 26.06342315673828, 22.723968505859375, 22.877216339111328, 15.697600364685059, 23.108192443847656, 23.57574462890625, 29.28691291809082, 24.718944549560547, 32.26639938354492, 25.421920776367188, 22.72480010986328, 22.82022476196289, 22.65068817138672, 22.607776641845703, 22.87273597717285, 22.624319076538086, 22.87228775024414, 24.76959991455078, 22.882335662841797, 24.558496475219727, 24.0216007232666, 25.35215950012207, 22.683135986328125, 22.561439514160156, 23.279008865356445, 19.66089630126953, 23.091712951660156, 19.247295379638672, 34.280704498291016, 22.71820831298828, 24.068832397460938, 22.703744888305664, 22.723167419433594, 25.453664779663086, 22.653888702392578, 22.71561622619629, 27.01263999938965, 22.601760864257812, 25.276287078857422, 23.890079498291016, 24.250431060791016, 22.95008087158203, 24.177183151245117, 27.282304763793945, 22.88332748413086, 22.628576278686523, 22.752864837646484, 22.74403190612793, 25.48409652709961, 22.62112045288086, 19.044511795043945, 29.81056022644043, 31.31123161315918, 24.01571273803711, 21.575328826904297, 22.61155128479004, 23.579423904418945, 23.019775390625, 22.658048629760742, 22.62441635131836, 23.08460807800293, 22.723007202148438, 22.730911254882812, 22.931392669677734, 30.581024169921875, 21.763967514038086, 22.6760311126709, 24.116159439086914, 21.453567504882812, 22.748287200927734, 22.762720108032227, 22.889984130859375, 22.959135055541992, 19.261600494384766],